{"categories":[],"users":[{"geo_enabled":false,"time_zone":"Pacific Time (US & Canada)","description":"Designer, thinker, speaker, Creative Director at Twitter. Previously at Google, Stopdesign, and Wired.","profile_sidebar_fill_color":"bddaf7","followers_count":87831,"verified":false,"notifications":false,"follow_request_sent":false,"profile_use_background_image":true,"profile_sidebar_border_color":"eeeeee","url":"http:\/\/stopdesign.com","profile_background_image_url":"http:\/\/a3.twimg.com\/profile_background_images\/149914329\/bg-stop.png","lang":"en","created_at":"Sun Mar 11 19:50:16 +0000 2007","profile_background_color":"6092d2","location":"San Francisco, CA","listed_count":2454,"profile_background_tile":true,"friends_count":351,"protected":false,"profile_image_url":"http:\/\/a2.twimg.com\/profile_images\/552708586\/doug-profile_normal.jpg","statuses_count":2533,"profile_text_color":"333333","name":"Doug Bowman","show_all_inline_media":true,"following":true,"favourites_count":302,"screen_name":"stop","id":949521,"id_str":"949521","contributors_enabled":false,"utc_offset":-28800,"profile_link_color":"3387cc"}],"slug":"art-design","name":"Art & Design"}