[{"time_zone":"Pacific Time (US & Canada)","protected":false,"profile_use_background_image":true,"name":"Twitter API","contributors_enabled":true,"created_at":"Wed May 23 06:01:13 +0000 2007","profile_background_color":"e8f2f7","expanded_url":null,"listed_count":9032,"profile_background_image_url":"http:\/\/a2.twimg.com\/profile_background_images\/229557229\/twitterapi-bg.png","utc_offset":-28800,"description":"The Real Twitter API. I tweet about API changes, service issues and happily answer questions about Twitter and our API. Don't get an answer? It's on my website.","display_url":null,"verified":true,"profile_image_url":"http:\/\/a2.twimg.com\/profile_images\/1438634086\/avatar_normal.png","id_str":"6253282","entities":{"user_mentions":[],"urls":[],"hashtags":[]},"lang":"en","profile_background_image_url_https":"https:\/\/si0.twimg.com\/profile_background_images\/229557229\/twitterapi-bg.png","favourites_count":22,"profile_text_color":"437792","status":{"truncated":false,"created_at":"Sun Aug 21 15:47:24 +0000 2011","geo":null,"in_reply_to_user_id":null,"in_reply_to_status_id":null,"favorited":false,"in_reply_to_status_id_str":null,"coordinates":null,"id_str":"105305005493452801","in_reply_to_screen_name":null,"in_reply_to_user_id_str":null,"place":null,"contributors":[819797],"retweeted":false,"retweet_count":27,"source":"web","id":105305005493452801,"text":"dev.twitter.com is still inaccessible from some locations. We're working to restore availability to everyone again. ^TS"},"default_profile":false,"friends_count":30,"profile_sidebar_fill_color":"a9d9f1","profile_image_url_https":"https:\/\/si0.twimg.com\/profile_images\/1438634086\/avatar_normal.png","screen_name":"twitterapi","default_profile_image":false,"show_all_inline_media":false,"geo_enabled":true,"profile_background_tile":false,"location":"San Francisco, CA","notifications":null,"is_translator":false,"profile_link_color":"0094C2","url":"http:\/\/dev.twitter.com","id":6253282,"follow_request_sent":null,"statuses_count":3044,"following":null,"profile_sidebar_border_color":"0094C2","followers_count":633992}]