[{"recipient_id":6238622,"recipient":{"verified":false,"profile_background_tile":false,"profile_sidebar_fill_color":"DDEEF6","description":"Erasmus @ Lille, FII  Student, Freelance web developer, Ruby & Rails fan","follow_request_sent":false,"notifications":false,"profile_sidebar_border_color":"C0DEED","time_zone":"Paris","url":"http:\/\/purl.org\/net\/bogdan.gaza","listed_count":11,"friends_count":196,"profile_background_color":"C0DEED","lang":"en","statuses_count":1448,"created_at":"Tue May 22 17:13:45 +0000 2007","location":"Lille, France","show_all_inline_media":false,"profile_use_background_image":true,"favourites_count":1,"profile_text_color":"333333","protected":false,"profile_image_url":"http:\/\/a3.twimg.com\/profile_images\/1099173727\/DSC_0261_normal.png","id_str":"6238622","contributors_enabled":false,"name":"Bogdan Gaza","following":true,"geo_enabled":true,"profile_background_image_url":"http:\/\/s.twimg.com\/a\/1286916367\/images\/themes\/theme1\/bg.png","profile_link_color":"0084B4","screen_name":"hurrycane","id":6238622,"utc_offset":3600,"followers_count":276},"sender_screen_name":"sferik","created_at":"Sun Oct 17 20:48:55 +0000 2010","recipient_screen_name":"hurrycane","id_str":"1773478249","sender":{"verified":false,"profile_background_tile":false,"profile_sidebar_fill_color":"DDEEF6","description":"Adventures in hunger and foolishness.","follow_request_sent":false,"notifications":false,"profile_sidebar_border_color":"C0DEED","time_zone":"Pacific Time (US & Canada)","url":null,"listed_count":28,"friends_count":88,"profile_background_color":"000000","lang":"en","statuses_count":2970,"created_at":"Mon Jul 16 12:59:01 +0000 2007","location":"San Francisco","show_all_inline_media":true,"profile_use_background_image":true,"favourites_count":729,"profile_text_color":"333333","protected":false,"profile_image_url":"http:\/\/a0.twimg.com\/profile_images\/323331048\/me_normal.jpg","id_str":"7505382","contributors_enabled":false,"name":"Erik Michaels-Ober","following":false,"geo_enabled":true,"profile_background_image_url":"http:\/\/a3.twimg.com\/profile_background_images\/162641967\/we_concept_bg2.png","profile_link_color":"0084B4","screen_name":"sferik","id":7505382,"utc_offset":-28800,"followers_count":898},"sender_id":7505382,"id":1773478249,"text":"Sounds good. Meeting Tuesday is fine."}]