{"id":418030038152642560,"id_str":"418030038152642560","text":"My #newride from @PUBLICBikes. Don't you want one? https:\/\/t.co\/7HIwCl68Y8 https:\/\/t.co\/JSSxDPr4Sf","sender":{"id":14471007,"id_str":"14471007","name":"Diana Kimball","screen_name":"dianakimball","location":"Berlin","description":"Community at @SoundCloud. Every now and then, I write a longer letter that I\u2019d love to send to you: http:\/\/t.co\/AZEzTiBwRS","url":"http:\/\/t.co\/tUTbLPD7Yc","entities":{"url":{"urls":[{"url":"http:\/\/t.co\/tUTbLPD7Yc","expanded_url":"http:\/\/blog.dianakimball.com","display_url":"blog.dianakimball.com","indices":[0,22]}]},"description":{"urls":[{"url":"http:\/\/t.co\/AZEzTiBwRS","expanded_url":"http:\/\/expertnovice.com","display_url":"expertnovice.com","indices":[100,122]}]}},"protected":false,"followers_count":4283,"friends_count":684,"listed_count":176,"created_at":"Tue Apr 22 05:14:47 +0000 2008","favourites_count":6773,"utc_offset":-18000,"time_zone":"Quito","geo_enabled":true,"verified":false,"statuses_count":5527,"lang":"en","contributors_enabled":false,"is_translator":false,"profile_background_color":"F4FFFF","profile_background_image_url":"http:\/\/abs.twimg.com\/images\/themes\/theme15\/bg.png","profile_background_image_url_https":"https:\/\/abs.twimg.com\/images\/themes\/theme15\/bg.png","profile_background_tile":false,"profile_image_url":"http:\/\/pbs.twimg.com\/profile_images\/3333204267\/51006fd104a17604e0398359ff5937ba_normal.jpeg","profile_image_url_https":"https:\/\/pbs.twimg.com\/profile_images\/3333204267\/51006fd104a17604e0398359ff5937ba_normal.jpeg","profile_banner_url":"https:\/\/pbs.twimg.com\/profile_banners\/14471007\/1359310744","profile_link_color":"8F1864","profile_sidebar_border_color":"FFFFFF","profile_sidebar_fill_color":"C0DFEC","profile_text_color":"333333","profile_use_background_image":false,"default_profile":false,"default_profile_image":false,"following":true,"follow_request_sent":false,"notifications":false},"sender_id":14471007,"sender_id_str":"14471007","sender_screen_name":"dianakimball","recipient":{"id":7505382,"id_str":"7505382","name":"Erik Michaels-Ober","screen_name":"sferik","location":"","description":"Prolonging the inevitable.","url":"https:\/\/t.co\/L2xIBaQPRf","entities":{"url":{"urls":[{"url":"https:\/\/t.co\/L2xIBaQPRf","expanded_url":"https:\/\/github.com\/sferik","display_url":"github.com\/sferik","indices":[0,23]}]},"description":{"urls":[]}},"protected":false,"followers_count":3946,"friends_count":345,"listed_count":205,"created_at":"Mon Jul 16 12:59:01 +0000 2007","favourites_count":8018,"utc_offset":3600,"time_zone":"Berlin","geo_enabled":true,"verified":false,"statuses_count":13011,"lang":"en","contributors_enabled":false,"is_translator":false,"profile_background_color":"000000","profile_background_image_url":"http:\/\/a0.twimg.com\/profile_background_images\/677717672\/bb0b3653dcf0644e344823e0a2eb3382.png","profile_background_image_url_https":"https:\/\/si0.twimg.com\/profile_background_images\/677717672\/bb0b3653dcf0644e344823e0a2eb3382.png","profile_background_tile":false,"profile_image_url":"http:\/\/pbs.twimg.com\/profile_images\/378800000757402331\/d8dfba561e2e94112a737f17e7d138ca_normal.jpeg","profile_image_url_https":"https:\/\/pbs.twimg.com\/profile_images\/378800000757402331\/d8dfba561e2e94112a737f17e7d138ca_normal.jpeg","profile_banner_url":"https:\/\/pbs.twimg.com\/profile_banners\/7505382\/1385736840","profile_link_color":"0084B4","profile_sidebar_border_color":"000000","profile_sidebar_fill_color":"DDEEF6","profile_text_color":"333333","profile_use_background_image":true,"default_profile":false,"default_profile_image":false,"following":false,"follow_request_sent":false,"notifications":false},"recipient_id":7505382,"recipient_id_str":"7505382","recipient_screen_name":"sferik","created_at":"Tue Dec 31 14:45:02 +0000 2013","entities":{"hashtags":[{"text":"newride","indices":[3,11]}],"symbols":[],"urls":[{"url":"https:\/\/t.co\/7HIwCl68Y8","expanded_url":"https:\/\/twitter.com\/PUBLICBikes\/status\/350315569708412929","display_url":"twitter.com\/PUBLICBikes\/st\u2026","indices":[51,74]},{"url":"https:\/\/t.co\/JSSxDPr4Sf","expanded_url":"https:\/\/ton.twitter.com\/1.1\/ton\/data\/dm\/418030038152642560\/418030038161047552\/0cnHqrKV.jpg","display_url":"pic.twitter.com\/JSSxDPr4Sf","indices":[75,98]}],"user_mentions":[{"screen_name":"PUBLICBikes","name":"PUBLIC Bikes","id":30035888,"id_str":"30035888","indices":[17,29]}],"media":[{"id":418030038161047552,"id_str":"418030038161047552","indices":[75,98],"media_url":"https:\/\/ton.twitter.com\/1.1\/ton\/data\/dm\/418030038152642560\/418030038161047552\/0cnHqrKV.jpg","media_url_https":"https:\/\/ton.twitter.com\/1.1\/ton\/data\/dm\/418030038152642560\/418030038161047552\/0cnHqrKV.jpg","url":"https:\/\/t.co\/JSSxDPr4Sf","display_url":"pic.twitter.com\/JSSxDPr4Sf","expanded_url":"https:\/\/ton.twitter.com\/1.1\/ton\/data\/dm\/418030038152642560\/418030038161047552\/0cnHqrKV.jpg","type":"photo","sizes":{"medium":{"w":600,"h":600,"resize":"fit"},"large":{"w":640,"h":640,"resize":"fit"},"thumb":{"w":150,"h":150,"resize":"crop"},"small":{"w":340,"h":340,"resize":"fit"}}}]}}