{
  "events":[
    {
      "type":"message_create",
      "id":"856574281366605831",
      "created_timestamp":"1493058197715",
      "message_create":{
        "target":{
          "recipient_id":"22095868"
        },
        "sender_id":"358486183",
        "message_data":{
          "text":"Thanks https://t.co/ZxBEw35k5z",
          "entities":{
            "hashtags":[],
            "symbols":[],
            "user_mentions":[],
            "urls":[
              {
                "url":"https://t.co/ZxBEw35k5z",
                "expanded_url":"https://twitter.com/i/stickers/image/10011",
                "display_url":"twitter.com/i/stickers/ima…",
                "indices":[1,24]
              }
            ]
          }
        }
      }
    },
    {
      "type":"message_create",
      "id":"856571192978927619",
      "created_timestamp":"1493057461386",
      "message_create":{
        "target":{
          "recipient_id":"22095868"
        },
        "sender_id":"311650899",
        "message_data":{
          "text":"❤️",
          "entities":{
            "hashtags":[],
            "symbols":[],
            "user_mentions":[],
            "urls":[]
          }
        }
      }
    },
    {
      "type":"message_create",
      "id":"856554872984018948",
      "created_timestamp":"1493053570396",
      "message_create":{
        "target":{
          "recipient_id":"22095868"
        },
        "sender_id":"422190131",
        "message_data":{
          "text":"😍",
          "entities":{
            "hashtags":[],
            "symbols":[],
            "user_mentions":[],
            "urls":[]
          }
        }
      }
    },
    {
      "type":"message_create",
      "id":"856538753409703939",
      "created_timestamp":"1493049727190",
      "message_create":{
        "target":{"recipient_id":"22095868"},
        "sender_id":"759849327200047104",
        "message_data":{
          "text":"obrigada!!! bj",
          "entities":{
            "hashtags":[],
            "symbols":[],
            "user_mentions":[],
            "urls":[]
          }
        }
      }
    },
    {
      "type":"message_create",
      "id":"856533644445396996",
      "created_timestamp":"1493048509118",
      "message_create":{
        "target":{
          "recipient_id":"22095868"
        },
        "sender_id":"73660881",
        "message_data":{
          "text":" https://t.co/ZxBEw35k5z",
          "entities":{
            "hashtags":[],
            "symbols":[],
            "user_mentions":[],
            "urls":[
              {
                "url":"https://t.co/ZxBEw35k5z",
                "expanded_url":"https://twitter.com/i/stickers/image/10011",
                "display_url":"twitter.com/i/stickers/ima…","indices":[1,24]
              }
            ]
          }
        }
      }
    },
    {
      "type":"message_create",
      "id":"856526573545062407",
      "created_timestamp":"1493046823284",
      "message_create":{
        "target":{"recipient_id":"22095868"},
        "sender_id":"328677087",
        "message_data":{
          "text":"OBRIGADO MINHA LINDA SERÁ INCRÍVEL ASSISTIR O TEU SHOW, VOU FAZER O POSSÍVEL PARA TE PRESTIGIAR. SUCESSO",
          "entities":{"hashtags":[],"symbols":[],"user_mentions":[],"urls":[]}
        }
      }
    },
    {
      "type":"message_create",
      "id":"856523843892129796",
      "created_timestamp":"1493046172484",
      "message_create":{
        "target":{"recipient_id":"422190131"},
        "sender_id":"22095868",
        "message_data":{
          "text":" https://t.co/KQcQAF6hVS",
          "entities":{
            "hashtags":[],
            "symbols":[],
            "user_mentions":[],
            "urls":[
              {
                "url":"https://t.co/KQcQAF6hVS",
                "expanded_url":"https://twitter.com/i/stickers/image/10018",
                "display_url":"twitter.com/i/stickers/ima…",
                "indices":[1,24]
              }
            ]
          }
        }
      }
    },
    {
      "type":"message_create",
      "id":"856523768910544899",
      "created_timestamp":"1493046154607",
      "message_create":{
        "target":{"recipient_id":"4374876088"},
        "sender_id":"22095868",
        "message_data":{
          "text":" https://t.co/MG2QdVuPGa",
          "entities":{
            "hashtags":[],
            "symbols":[],
            "user_mentions":[],
            "urls":[
              {
                "url":"https://t.co/MG2QdVuPGa",
                "expanded_url":"https://twitter.com/i/stickers/image/10017",
                "display_url":"twitter.com/i/stickers/ima…",
                "indices":[1,24]
              }
            ]
          }
        }
      }
    },
    {
      "type":"message_create",
      "id":"856516885524951043","created_timestamp":"1493044513480",
      "message_create":{
        "target":{"recipient_id":"22095868"},
        "sender_id":"4374876088",
        "message_data":{
          "text":"Obrigado. Vou adquiri-lo. Muito sucesso!","entities":{"hashtags":[],"symbols":[],"user_mentions":[],"urls":[]}}}
    },
    {
      "type":"message_create",
      "id":"856502352299405315",
      "created_timestamp":"1493041048489",
      "message_create":{
        "target":{"recipient_id":"22095868"},
        "sender_id":"422190131",
        "message_data":{
          "text":"COM CERTEZA QDO ESTIVER EM SAO PAUÇO IREI COM O MAIOR PRAZER SUCESSO LINDA",
          "entities":{"hashtags":[],"symbols":[],"user_mentions":[],"urls":[]}
        }
      }
    },
    {
      "type":"message_create",
      "id":"856480385957548035",
      "created_timestamp":"1493035811305",
      "message_create":{
        "target":{"recipient_id":"2924245126"},
        "sender_id":"22095868",
        "message_data":{
          "text":"Obrigada Jacques",
          "entities":{"hashtags":[],"symbols":[],"user_mentions":[],"urls":[]}
        }
      }
    },
    {
      "type":"message_create","id":"856480124421771268","created_timestamp":"1493035748950","message_create":{"target":{"recipient_id":"22095868"},"sender_id":"2924245126","message_data":{"text":"😍 Música boa para seu espetáculo em São-Paulo com seu amigo","entities":{"hashtags":[],"symbols":[],"user_mentions":[],"urls":[]}}}},{"type":"message_create","id":"856478933260410883","created_timestamp":"1493035464955","message_create":{"target":{"recipient_id":"22095868"},"sender_id":"2924245126","message_data":{"text":"Jardim urbano","entities":{"hashtags":[],"symbols":[],"user_mentions":[],"urls":[]}}}
    },
    {
      "type":"message_create",
      "id":"856478621090942979",
      "created_timestamp":"1493035390528",
      "message_create":{
        "target":{"recipient_id":"22095868"},
        "sender_id":"2924245126",
        "message_data":{
          "text":" https://t.co/1ojXzm8bKx",
          "entities":{
            "hashtags":[],
            "symbols":[],
            "user_mentions":[],
            "urls":[
              {
                "url":"https://t.co/1ojXzm8bKx",
                "expanded_url":"https://twitter.com/messages/media/856478621090942979",
                "display_url":"pic.twitter.com/1ojXzm8bKx",
                "indices":[1,24]
              }
            ]
          },
          "attachment":{
            "type":"media",
            "media":{
              "id":856478542527385601,
              "id_str":"856478542527385601",
              "indices":[1,24],
              "media_url":"https://ton.twitter.com/1.1/ton/data/dm/856478621090942979/856478542527385601/d3LfgVMN.jpg",
              "media_url_https":"https://ton.twitter.com/1.1/ton/data/dm/856478621090942979/856478542527385601/d3LfgVMN.jpg",
              "url":"https://t.co/1ojXzm8bKx",
              "display_url":"pic.twitter.com/1ojXzm8bKx",
              "expanded_url":"https://twitter.com/messages/media/856478621090942979",
              "type":"photo",
              "sizes":{
                "small":{"w":340,"h":255,"resize":"fit"},
                "medium":{"w":600,"h":450,"resize":"fit"},
                "thumb":{"w":150,"h":150,"resize":"crop"},
                "large":{"w":997,"h":748,"resize":"fit"}
              }
            }
          }
        }
      }
    },
    {
      "type":"message_create",
      "id":"856477958885834755",
      "created_timestamp":"1493035232646",
      "message_create":{
        "target":{"recipient_id":"22095868"},
        "sender_id":"2924245126",
        "message_data":{
          "text":"Os amantes em face a o mar",
          "entities":{"hashtags":[],"symbols":[],"user_mentions":[],"urls":[]}
        }
      }
    },
    {
      "type":"message_create",
      "id":"856477710595624963",
      "created_timestamp":"1493035173449",
      "message_create":{
        "target":{"recipient_id":"22095868"},
        "sender_id":"2924245126",
        "message_data":{
          "text":" https://t.co/RrE2qo9upr",
          "entities":{
            "hashtags":[],
            "symbols":[],
            "user_mentions":[],
            "urls":[
              {
                "url":"https://t.co/RrE2qo9upr",
                "expanded_url":"https://twitter.com/messages/media/856477710595624963",
                "display_url":"pic.twitter.com/RrE2qo9upr",
                "indices":[1,24]
              }
            ]
          },
          "attachment":{
            "type":"media",
            "media":{
              "id":856477689447841792,
              "id_str":"856477689447841792",
              "indices":[1,24],
              "media_url":"https://ton.twitter.com/1.1/ton/data/dm/856477710595624963/856477689447841792/i3ViseFg.jpg",
              "media_url_https":"https://ton.twitter.com/1.1/ton/data/dm/856477710595624963/856477689447841792/i3ViseFg.jpg",
              "url":"https://t.co/RrE2qo9upr",
              "display_url":"pic.twitter.com/RrE2qo9upr",
              "expanded_url":"https://twitter.com/messages/media/856477710595624963",
              "type":"photo",
              "sizes":{
                "small":{"w":340,"h":453,"resize":"fit"},
                "thumb":{"w":150,"h":150,"resize":"crop"},
                "large":{"w":502,"h":669,"resize":"fit"},
                "medium":{"w":502,"h":669,"resize":"fit"}
              }
            }
          }
        }
      }
    }
  ],
  "next_cursor":0
}
