{"users":[{"id":979919484,"id_str":"979919484","name":"nylews","screen_name":"SwelynD","location":"","description":"","url":null,"entities":{"description":{"urls":[]}},"protected":false,"followers_count":0,"friends_count":8,"listed_count":0,"created_at":"Fri Nov 30 07:01:27 +0000 2012","favourites_count":0,"utc_offset":null,"time_zone":null,"geo_enabled":false,"verified":false,"statuses_count":1,"lang":"en","status":{"created_at":"Fri Nov 30 07:03:06 +0000 2012","id":274408192602157056,"id_str":"274408192602157056","text":"Hey","source":"\u003ca href=\"http:\/\/twitter.com\/download\/android\" rel=\"nofollow\"\u003eTwitter for Android\u003c\/a\u003e","truncated":false,"in_reply_to_status_id":null,"in_reply_to_status_id_str":null,"in_reply_to_user_id":null,"in_reply_to_user_id_str":null,"in_reply_to_screen_name":null,"geo":null,"coordinates":null,"place":null,"contributors":null,"retweet_count":0,"entities":{"hashtags":[],"urls":[],"user_mentions":[]},"favorited":false,"retweeted":false},"contributors_enabled":false,"is_translator":false,"profile_background_color":"C0DEED","profile_background_image_url":"http:\/\/a0.twimg.com\/images\/themes\/theme1\/bg.png","profile_background_image_url_https":"https:\/\/si0.twimg.com\/images\/themes\/theme1\/bg.png","profile_background_tile":false,"profile_image_url":"http:\/\/a0.twimg.com\/profile_images\/2913780400\/b8c461be768a6bdc42c1aee37105c4fc_normal.jpeg","profile_image_url_https":"https:\/\/si0.twimg.com\/profile_images\/2913780400\/b8c461be768a6bdc42c1aee37105c4fc_normal.jpeg","profile_banner_url":"https:\/\/si0.twimg.com\/profile_banners\/979919484\/1354259270","profile_link_color":"0084B4","profile_sidebar_border_color":"C0DEED","profile_sidebar_fill_color":"DDEEF6","profile_text_color":"333333","profile_use_background_image":true,"default_profile":true,"default_profile_image":false,"following":false,"follow_request_sent":false,"notifications":false}],"next_cursor":1419103567112105362,"next_cursor_str":"1419103567112105362","previous_cursor":0,"previous_cursor_str":"0"}