{"users":[{"id":730805892,"id_str":"730805892","name":"Will Ahrens","screen_name":"WillAhrens","location":"Long Island, New York","description":"guitarist for Nick Tangorra, Paging Grace, Trish Torrales","url":null,"entities":{"description":{"urls":[]}},"protected":false,"followers_count":2592,"friends_count":2712,"listed_count":2,"created_at":"Wed Aug 01 14:40:58 +0000 2012","favourites_count":1482,"utc_offset":null,"time_zone":null,"geo_enabled":true,"verified":false,"statuses_count":3888,"lang":"en","status":{"created_at":"Thu Nov 29 19:33:44 +0000 2012","id":274234710501244929,"id_str":"274234710501244929","text":"@MandyJay7 catch ya later! :)","source":"web","truncated":false,"in_reply_to_status_id":274234209831354368,"in_reply_to_status_id_str":"274234209831354368","in_reply_to_user_id":463877152,"in_reply_to_user_id_str":"463877152","in_reply_to_screen_name":"MandyJay7","geo":null,"coordinates":null,"place":null,"contributors":null,"retweet_count":0,"entities":{"hashtags":[],"urls":[],"user_mentions":[{"screen_name":"MandyJay7","name":"Mandy Jay","id":463877152,"id_str":"463877152","indices":[0,10]}]},"favorited":false,"retweeted":false},"contributors_enabled":false,"is_translator":false,"profile_background_color":"1A1B1F","profile_background_image_url":"http:\/\/a0.twimg.com\/profile_background_images\/679274925\/9f28628390683b63fb9784e34cc82190.jpeg","profile_background_image_url_https":"https:\/\/si0.twimg.com\/profile_background_images\/679274925\/9f28628390683b63fb9784e34cc82190.jpeg","profile_background_tile":true,"profile_image_url":"http:\/\/a0.twimg.com\/profile_images\/2896578010\/5b406ead0cbf9784ba228e34e1ccc698_normal.jpeg","profile_image_url_https":"https:\/\/si0.twimg.com\/profile_images\/2896578010\/5b406ead0cbf9784ba228e34e1ccc698_normal.jpeg","profile_banner_url":"https:\/\/si0.twimg.com\/profile_banners\/730805892\/1353223929","profile_link_color":"1AA196","profile_sidebar_border_color":"FFFFFF","profile_sidebar_fill_color":"252429","profile_text_color":"666666","profile_use_background_image":true,"default_profile":false,"default_profile_image":false,"following":false,"follow_request_sent":false,"notifications":false}],"next_cursor":1418947360875712729,"next_cursor_str":"1418947360875712729","previous_cursor":0,"previous_cursor_str":"0"}