[{"name":"Portuguese","status":"production","code":"pt"},{"name":"Indonesian","status":"production","code":"id"},{"name":"Italian","status":"production","code":"it"},{"name":"Spanish","status":"production","code":"es"},{"name":"Turkish","status":"production","code":"tr"},{"name":"English","status":"production","code":"en"},{"name":"Korean","status":"production","code":"ko"},{"name":"French","status":"production","code":"fr"},{"name":"Dutch","status":"production","code":"nl"},{"name":"Russian","status":"production","code":"ru"},{"name":"German","status":"production","code":"de"},{"name":"Japanese","status":"production","code":"ja"}]