{"mode":"public","description":"Presidents of the United States of America","id_str":"8863586","member_count":2,"uri":"\/sferik\/presidents","subscriber_count":0,"full_name":"@sferik\/presidents","user":{"profile_background_image_url":"http:\/\/a3.twimg.com\/profile_background_images\/162641967\/we_concept_bg2.png","profile_link_color":"0084B4","description":"Adventures in hunger and foolishness.","screen_name":"sferik","verified":false,"id_str":"7505382","follow_request_sent":false,"profile_background_tile":false,"profile_sidebar_fill_color":"DDEEF6","favourites_count":742,"profile_sidebar_border_color":"C0DEED","followers_count":911,"url":null,"listed_count":29,"lang":"en","time_zone":"Pacific Time (US & Canada)","created_at":"Mon Jul 16 12:59:01 +0000 2007","location":"San Francisco","statuses_count":3018,"profile_background_color":"000000","protected":false,"show_all_inline_media":true,"friends_count":86,"name":"Erik Michaels-Ober","contributors_enabled":false,"following":false,"profile_use_background_image":true,"profile_text_color":"333333","profile_image_url":"http:\/\/a0.twimg.com\/profile_images\/323331048\/me_normal.jpg","id":7505382,"geo_enabled":true,"notifications":false,"utc_offset":-28800},"name":"presidents","following":false,"slug":"presidents","id":8863586}