[{"as_of":"2010-10-25T14:49:50Z","created_at":"2010-10-25T14:41:13Z","trends":[{"promoted_content":null,"query":"%23sevenwordsaftersex","url":"http:\/\/search.twitter.com\/search?q=%23sevenwordsaftersex","name":"#sevenwordsaftersex","events":null},{"promoted_content":null,"query":"Isaacs","url":"http:\/\/search.twitter.com\/search?q=Isaacs","name":"Isaacs","events":null},{"promoted_content":null,"query":"%23speaknow","url":"http:\/\/search.twitter.com\/search?q=%23speaknow","name":"#speaknow","events":null},{"promoted_content":null,"query":"Walkman","url":"http:\/\/search.twitter.com\/search?q=Walkman","name":"Walkman","events":null},{"promoted_content":null,"query":"%23dia31vote13","url":"http:\/\/search.twitter.com\/search?q=%23dia31vote13","name":"#dia31vote13","events":null},{"promoted_content":null,"query":"RIP+Gregory","url":"http:\/\/search.twitter.com\/search?q=RIP+Gregory","name":"RIP Gregory","events":null},{"promoted_content":null,"query":"Allen+Iverson","url":"http:\/\/search.twitter.com\/search?q=Allen+Iverson","name":"Allen Iverson","events":null},{"promoted_content":null,"query":"Issacs","url":"http:\/\/search.twitter.com\/search?q=Issacs","name":"Issacs","events":null},{"promoted_content":null,"query":"Night+Nurse","url":"http:\/\/search.twitter.com\/search?q=Night+Nurse","name":"Night Nurse","events":null},{"promoted_content":null,"query":"Jay+Bum","url":"http:\/\/search.twitter.com\/search?q=Jay+Bum","name":"Jay Bum","events":null}],"locations":[{"woeid":1,"name":"Worldwide"}]}]