[{"profile_sidebar_fill_color":"C0DFEC","protected":false,"id_str":"13","notifications":false,"profile_background_tile":false,"screen_name":"biz","name":"Biz Stone","display_url":"bizstone.com","listed_count":15392,"location":"San Francisco, CA","expanded_url":"http:\/\/www.bizstone.com","show_all_inline_media":true,"contributors_enabled":false,"following":false,"geo_enabled":true,"utc_offset":-28800,"profile_link_color":"0084B4","description":"Co-founder of Twitter, Inc.","profile_sidebar_border_color":"a8c7f7","url":"http:\/\/t.co\/bdlNWgB","time_zone":"Pacific Time (US & Canada)","status":{"id_str":"110109632814518272","in_reply_to_status_id":null,"truncated":false,"favorited":false,"possibly_sensitive":false,"in_reply_to_status_id_str":null,"geo":null,"in_reply_to_screen_name":null,"in_reply_to_user_id_str":null,"coordinates":null,"in_reply_to_user_id":null,"source":"\u003Ca href=\"http:\/\/flickr.com\/services\/twitter\/\" rel=\"nofollow\"\u003EFlickr\u003C\/a\u003E","created_at":"Sat Sep 03 21:59:16 +0000 2011","contributors":null,"retweeted":false,"retweet_count":4,"id":110109632814518272,"place":null,"text":"Cavallo Point Dandelion http:\/\/t.co\/nv0gcpL"},"default_profile_image":false,"statuses_count":4466,"profile_use_background_image":true,"verified":true,"favourites_count":869,"friends_count":530,"profile_background_color":"022330","is_translator":false,"profile_background_image_url":"http:\/\/a0.twimg.com\/images\/themes\/theme15\/bg.png","created_at":"Tue Mar 21 20:51:43 +0000 2006","followers_count":1765283,"entities":{"user_mentions":[],"urls":[],"hashtags":[]},"default_profile":false,"follow_request_sent":false,"lang":"en","profile_background_image_url_https":"https:\/\/si0.twimg.com\/images\/themes\/theme15\/bg.png","id":13,"profile_text_color":"333333","profile_image_url_https":"https:\/\/si0.twimg.com\/profile_images\/513819852\/biz_stone_normal.jpg","profile_image_url":"http:\/\/a0.twimg.com\/profile_images\/513819852\/biz_stone_normal.jpg"}]