{"lists":[{"uri":"\/DavidBahia\/developer","name":"developer","full_name":"@DavidBahia\/developer","description":"","mode":"public","user":{"id":20647833,"profile_background_image_url_https":"https:\/\/si0.twimg.com\/profile_background_images\/16339914\/twit3.JPG","time_zone":"London","location":"Rochester, Medway Towns, Kent","profile_background_image_url":"http:\/\/a0.twimg.com\/profile_background_images\/16339914\/twit3.JPG","id_str":"20647833","entities":{"description":{"urls":[]}},"profile_link_color":"1F98C7","geo_enabled":false,"default_profile":false,"profile_image_url":"http:\/\/a0.twimg.com\/profile_images\/272062257\/Irandb4_normal.JPG","utc_offset":0,"profile_use_background_image":true,"statuses_count":4920,"name":"David Bahia","follow_request_sent":false,"profile_text_color":"663B12","lang":"en","screen_name":"DavidBahia","listed_count":31,"protected":false,"followers_count":953,"profile_image_url_https":"https:\/\/si0.twimg.com\/profile_images\/272062257\/Irandb4_normal.JPG","profile_sidebar_border_color":"C6E2EE","description":"I wonder. why?","profile_background_tile":false,"following":false,"profile_sidebar_fill_color":"DAECF4","default_profile_image":false,"url":null,"is_translator":false,"favourites_count":15128,"created_at":"Thu Feb 12 02:11:49 +0000 2009","friends_count":1997,"verified":false,"notifications":false,"profile_background_color":"C6E2EE","contributors_enabled":false},"following":false,"created_at":"Fri Apr 01 09:16:02 +0000 2011","member_count":382,"id_str":"41944715","subscriber_count":2,"slug":"developer","id":41944715}], "next_cursor":0, "previous_cursor":1401037770457540712, "next_cursor_str":"0", "previous_cursor_str":"1401037770457540712"}