{"cache_age":"3153600000","url":"https:\/\/twitter.com\/sferik\/statuses\/540897316908331009","height":null,"provider_url":"https:\/\/twitter.com","provider_name":"Twitter","author_name":"Erik Michaels-Ober","version":"1.0","author_url":"https:\/\/twitter.com\/sferik","type":"rich","html":"\u003Cblockquote class=\"twitter-tweet\"\u003E\u003Cp\u003EPowerful cartoon by \u003Ca href=\"https:\/\/twitter.com\/BillBramhall\"\u003E@BillBramhall\u003C\/a\u003E: \u003Ca href=\"http:\/\/t.co\/IOEbc5QoES\"\u003Epic.twitter.com\/IOEbc5QoES\u003C\/a\u003E\u003C\/p\u003E&mdash; Erik Michaels-Ober (@sferik) \u003Ca href=\"https:\/\/twitter.com\/sferik\/status\/540897316908331009\"\u003EDecember 5, 2014\u003C\/a\u003E\u003C\/blockquote\u003E\n\u003Cscript async src=\"\/\/platform.twitter.com\/widgets.js\" charset=\"utf-8\"\u003E\u003C\/script\u003E","width":550}