{"next_cursor":0,"next_cursor_str":"0","previous_cursor":0,"previous_cursor_str":"0","lists":[{"id":78890017,"id_str":"78890017","name":"My favstar.fm list","uri":"\/sferik\/my-favstar-fm-list","subscriber_count":0,"member_count":137,"mode":"private","description":"My favorite tweeters, created with help from http:\/\/favstar.fm","slug":"my-favstar-fm-list","full_name":"@sferik\/my-favstar-fm-list","created_at":"Fri Oct 12 19:47:53 +0000 2012","following":true,"user":{"id":7505382,"id_str":"7505382","name":"Erik Michaels-Ober","screen_name":"sferik","location":"San Francisco","description":"Write code. Not too much. Mostly Ruby.","url":"https:\/\/github.com\/sferik","entities":{"url":{"urls":[{"url":"https:\/\/github.com\/sferik","expanded_url":null,"indices":[0,25]}]},"description":{"urls":[]}},"protected":false,"followers_count":8855,"friends_count":248,"listed_count":167,"created_at":"Mon Jul 16 12:59:01 +0000 2007","favourites_count":6063,"utc_offset":-28800,"time_zone":"Pacific Time (US & Canada)","geo_enabled":true,"verified":false,"statuses_count":11166,"lang":"en","contributors_enabled":false,"is_translator":false,"profile_background_color":"000000","profile_background_image_url":"http:\/\/a0.twimg.com\/profile_background_images\/677717672\/bb0b3653dcf0644e344823e0a2eb3382.png","profile_background_image_url_https":"https:\/\/si0.twimg.com\/profile_background_images\/677717672\/bb0b3653dcf0644e344823e0a2eb3382.png","profile_background_tile":false,"profile_image_url":"http:\/\/a0.twimg.com\/profile_images\/1759857427\/image1326743606_normal.png","profile_image_url_https":"https:\/\/si0.twimg.com\/profile_images\/1759857427\/image1326743606_normal.png","profile_banner_url":"https:\/\/pbs.twimg.com\/profile_banners\/7505382\/1349499693","profile_link_color":"0084B4","profile_sidebar_border_color":"000000","profile_sidebar_fill_color":"DDEEF6","profile_text_color":"333333","profile_use_background_image":true,"default_profile":false,"default_profile_image":false,"following":false,"follow_request_sent":false,"notifications":false}},{"id":73546689,"id_str":"73546689","name":"test","uri":"\/sferik\/test","subscriber_count":0,"member_count":2,"mode":"private","description":"","slug":"test","full_name":"@sferik\/test","created_at":"Sun Jul 08 22:19:05 +0000 2012","following":true,"user":{"id":7505382,"id_str":"7505382","name":"Erik Michaels-Ober","screen_name":"sferik","location":"San Francisco","description":"Write code. Not too much. Mostly Ruby.","url":"https:\/\/github.com\/sferik","entities":{"url":{"urls":[{"url":"https:\/\/github.com\/sferik","expanded_url":null,"indices":[0,25]}]},"description":{"urls":[]}},"protected":false,"followers_count":8855,"friends_count":248,"listed_count":167,"created_at":"Mon Jul 16 12:59:01 +0000 2007","favourites_count":6063,"utc_offset":-28800,"time_zone":"Pacific Time (US & Canada)","geo_enabled":true,"verified":false,"statuses_count":11166,"lang":"en","contributors_enabled":false,"is_translator":false,"profile_background_color":"000000","profile_background_image_url":"http:\/\/a0.twimg.com\/profile_background_images\/677717672\/bb0b3653dcf0644e344823e0a2eb3382.png","profile_background_image_url_https":"https:\/\/si0.twimg.com\/profile_background_images\/677717672\/bb0b3653dcf0644e344823e0a2eb3382.png","profile_background_tile":false,"profile_image_url":"http:\/\/a0.twimg.com\/profile_images\/1759857427\/image1326743606_normal.png","profile_image_url_https":"https:\/\/si0.twimg.com\/profile_images\/1759857427\/image1326743606_normal.png","profile_banner_url":"https:\/\/pbs.twimg.com\/profile_banners\/7505382\/1349499693","profile_link_color":"0084B4","profile_sidebar_border_color":"000000","profile_sidebar_fill_color":"DDEEF6","profile_text_color":"333333","profile_use_background_image":true,"default_profile":false,"default_profile_image":false,"following":false,"follow_request_sent":false,"notifications":false}},{"id":20817728,"id_str":"20817728","name":"interesting","uri":"\/sferik\/interesting","subscriber_count":0,"member_count":4,"mode":"private","description":"People who are interesting.","slug":"interesting","full_name":"@sferik\/interesting","created_at":"Sat Sep 04 00:46:03 +0000 2010","following":true,"user":{"id":7505382,"id_str":"7505382","name":"Erik Michaels-Ober","screen_name":"sferik","location":"San Francisco","description":"Write code. Not too much. Mostly Ruby.","url":"https:\/\/github.com\/sferik","entities":{"url":{"urls":[{"url":"https:\/\/github.com\/sferik","expanded_url":null,"indices":[0,25]}]},"description":{"urls":[]}},"protected":false,"followers_count":8855,"friends_count":248,"listed_count":167,"created_at":"Mon Jul 16 12:59:01 +0000 2007","favourites_count":6063,"utc_offset":-28800,"time_zone":"Pacific Time (US & Canada)","geo_enabled":true,"verified":false,"statuses_count":11166,"lang":"en","contributors_enabled":false,"is_translator":false,"profile_background_color":"000000","profile_background_image_url":"http:\/\/a0.twimg.com\/profile_background_images\/677717672\/bb0b3653dcf0644e344823e0a2eb3382.png","profile_background_image_url_https":"https:\/\/si0.twimg.com\/profile_background_images\/677717672\/bb0b3653dcf0644e344823e0a2eb3382.png","profile_background_tile":false,"profile_image_url":"http:\/\/a0.twimg.com\/profile_images\/1759857427\/image1326743606_normal.png","profile_image_url_https":"https:\/\/si0.twimg.com\/profile_images\/1759857427\/image1326743606_normal.png","profile_banner_url":"https:\/\/pbs.twimg.com\/profile_banners\/7505382\/1349499693","profile_link_color":"0084B4","profile_sidebar_border_color":"000000","profile_sidebar_fill_color":"DDEEF6","profile_text_color":"333333","profile_use_background_image":true,"default_profile":false,"default_profile_image":false,"following":false,"follow_request_sent":false,"notifications":false}},{"id":20712515,"id_str":"20712515","name":"recommended","uri":"\/sferik\/recommended","subscriber_count":0,"member_count":71,"mode":"private","description":"Users recommended to me by Twitter","slug":"recommended","full_name":"@sferik\/recommended","created_at":"Thu Sep 02 18:29:24 +0000 2010","following":true,"user":{"id":7505382,"id_str":"7505382","name":"Erik Michaels-Ober","screen_name":"sferik","location":"San Francisco","description":"Write code. Not too much. Mostly Ruby.","url":"https:\/\/github.com\/sferik","entities":{"url":{"urls":[{"url":"https:\/\/github.com\/sferik","expanded_url":null,"indices":[0,25]}]},"description":{"urls":[]}},"protected":false,"followers_count":8855,"friends_count":248,"listed_count":167,"created_at":"Mon Jul 16 12:59:01 +0000 2007","favourites_count":6063,"utc_offset":-28800,"time_zone":"Pacific Time (US & Canada)","geo_enabled":true,"verified":false,"statuses_count":11166,"lang":"en","contributors_enabled":false,"is_translator":false,"profile_background_color":"000000","profile_background_image_url":"http:\/\/a0.twimg.com\/profile_background_images\/677717672\/bb0b3653dcf0644e344823e0a2eb3382.png","profile_background_image_url_https":"https:\/\/si0.twimg.com\/profile_background_images\/677717672\/bb0b3653dcf0644e344823e0a2eb3382.png","profile_background_tile":false,"profile_image_url":"http:\/\/a0.twimg.com\/profile_images\/1759857427\/image1326743606_normal.png","profile_image_url_https":"https:\/\/si0.twimg.com\/profile_images\/1759857427\/image1326743606_normal.png","profile_banner_url":"https:\/\/pbs.twimg.com\/profile_banners\/7505382\/1349499693","profile_link_color":"0084B4","profile_sidebar_border_color":"000000","profile_sidebar_fill_color":"DDEEF6","profile_text_color":"333333","profile_use_background_image":true,"default_profile":false,"default_profile_image":false,"following":false,"follow_request_sent":false,"notifications":false}},{"id":8863586,"id_str":"8863586","name":"presidents","uri":"\/sferik\/presidents","subscriber_count":0,"member_count":2,"mode":"public","description":"Presidents of the United States of America","slug":"presidents","full_name":"@sferik\/presidents","created_at":"Mon Mar 15 06:10:13 +0000 2010","following":true,"user":{"id":7505382,"id_str":"7505382","name":"Erik Michaels-Ober","screen_name":"sferik","location":"San Francisco","description":"Write code. Not too much. Mostly Ruby.","url":"https:\/\/github.com\/sferik","entities":{"url":{"urls":[{"url":"https:\/\/github.com\/sferik","expanded_url":null,"indices":[0,25]}]},"description":{"urls":[]}},"protected":false,"followers_count":8855,"friends_count":248,"listed_count":167,"created_at":"Mon Jul 16 12:59:01 +0000 2007","favourites_count":6063,"utc_offset":-28800,"time_zone":"Pacific Time (US & Canada)","geo_enabled":true,"verified":false,"statuses_count":11166,"lang":"en","contributors_enabled":false,"is_translator":false,"profile_background_color":"000000","profile_background_image_url":"http:\/\/a0.twimg.com\/profile_background_images\/677717672\/bb0b3653dcf0644e344823e0a2eb3382.png","profile_background_image_url_https":"https:\/\/si0.twimg.com\/profile_background_images\/677717672\/bb0b3653dcf0644e344823e0a2eb3382.png","profile_background_tile":false,"profile_image_url":"http:\/\/a0.twimg.com\/profile_images\/1759857427\/image1326743606_normal.png","profile_image_url_https":"https:\/\/si0.twimg.com\/profile_images\/1759857427\/image1326743606_normal.png","profile_banner_url":"https:\/\/pbs.twimg.com\/profile_banners\/7505382\/1349499693","profile_link_color":"0084B4","profile_sidebar_border_color":"000000","profile_sidebar_fill_color":"DDEEF6","profile_text_color":"333333","profile_use_background_image":true,"default_profile":false,"default_profile_image":false,"following":false,"follow_request_sent":false,"notifications":false}}]}