{"sizes":{"mobile_retina":{"h":320,"w":640,"url":"https:\/\/si0.twimg.com\/profile_banners\/7505382\/1349499693\/mobile_retina"},"ipad":{"h":313,"w":626,"url":"https:\/\/si0.twimg.com\/profile_banners\/7505382\/1349499693\/ipad"},"mobile":{"h":160,"w":320,"url":"https:\/\/si0.twimg.com\/profile_banners\/7505382\/1349499693\/mobile"},"ipad_retina":{"h":626,"w":1252,"url":"https:\/\/si0.twimg.com\/profile_banners\/7505382\/1349499693\/ipad_retina"},"web_retina":{"h":520,"w":1040,"url":"https:\/\/si0.twimg.com\/profile_banners\/7505382\/1349499693\/web_retina"},"web":{"h":260,"w":520,"url":"https:\/\/si0.twimg.com\/profile_banners\/7505382\/1349499693\/web"}}}