[{"retweeted_status":{"place":null,"retweet_count":null,"geo":null,"retweeted":false,"in_reply_to_status_id":null,"source":"\u003Ca href=\"http:\/\/twitter.com\/\" rel=\"nofollow\"\u003ETwitter for iPhone\u003C\/a\u003E","truncated":false,"in_reply_to_status_id_str":null,"created_at":"Sun Oct 24 03:46:25 +0000 2010","in_reply_to_user_id":null,"favorited":false,"in_reply_to_user_id_str":null,"user":{"statuses_count":10488,"time_zone":"Eastern Time (US & Canada)","description":"Raconteur.","show_all_inline_media":false,"favourites_count":8601,"profile_sidebar_fill_color":"dddddd","followers_count":91400,"contributors_enabled":false,"notifications":false,"geo_enabled":false,"profile_use_background_image":false,"profile_sidebar_border_color":"5d5d5d","url":"http:\/\/daringfireball.net","verified":false,"profile_background_image_url":"http:\/\/a3.twimg.com\/profile_background_images\/3150433\/Rumsfeld__Kissinger__Nixon_at_1974_NATO_meeting.jpg","follow_request_sent":false,"lang":"en","created_at":"Fri Dec 01 02:52:40 +0000 2006","profile_background_color":"5D5D5D","location":"Philadelphia","profile_background_tile":false,"protected":false,"profile_image_url":"http:\/\/a3.twimg.com\/profile_images\/546338003\/gruber-sxsw-final_normal.png","profile_text_color":"000000","name":"John Gruber","following":true,"screen_name":"gruber","id":33423,"id_str":"33423","listed_count":5095,"utc_offset":-18000,"friends_count":452,"profile_link_color":"2626C3"},"contributors":null,"coordinates":null,"in_reply_to_screen_name":null,"id":28561922516,"id_str":"28561922516","text":"As for the Series, I'm for the Giants. Fuck Texas, fuck Nolan Ryan, fuck George Bush."},"place":null,"retweet_count":null,"geo":null,"retweeted":false,"in_reply_to_status_id":null,"source":"\u003Ca href=\"http:\/\/apps.facebook.com\/the-run-around\/\" rel=\"nofollow\"\u003EThe Run Around\u003C\/a\u003E","truncated":false,"in_reply_to_status_id_str":null,"created_at":"Mon Oct 25 07:39:31 +0000 2010","in_reply_to_user_id":null,"favorited":false,"in_reply_to_user_id_str":null,"user":{"statuses_count":2968,"time_zone":"Pacific Time (US & Canada)","description":"Adventures in hunger and foolishness.","show_all_inline_media":true,"favourites_count":727,"profile_sidebar_fill_color":"DDEEF6","followers_count":898,"contributors_enabled":false,"notifications":false,"geo_enabled":true,"profile_use_background_image":true,"profile_sidebar_border_color":"C0DEED","url":null,"verified":false,"profile_background_image_url":"http:\/\/a3.twimg.com\/profile_background_images\/162641967\/we_concept_bg2.png","follow_request_sent":false,"lang":"en","created_at":"Mon Jul 16 12:59:01 +0000 2007","profile_background_color":"000000","location":"San Francisco","profile_background_tile":false,"protected":false,"profile_image_url":"http:\/\/a0.twimg.com\/profile_images\/323331048\/me_normal.jpg","profile_text_color":"333333","name":"Erik Michaels-Ober","following":false,"screen_name":"sferik","id":7505382,"id_str":"7505382","listed_count":28,"utc_offset":-28800,"friends_count":88,"profile_link_color":"0084B4"},"contributors":null,"coordinates":null,"in_reply_to_screen_name":null,"id":28669560363,"id_str":"28669560363","text":"RT @gruber: As for the Series, I'm for the Giants. Fuck Texas, fuck Nolan Ryan, fuck George Bush."}]