{"retweeted_status":{"place":null,"retweet_count":null,"geo":null,"retweeted":false,"in_reply_to_status_id":null,"source":"\u003Ca href=\"http:\/\/twitter.com\/\" rel=\"nofollow\"\u003ETwitter for iPhone\u003C\/a\u003E","truncated":false,"in_reply_to_status_id_str":null,"created_at":"Sun Oct 24 03:46:25 +0000 2010","in_reply_to_user_id":null,"favorited":false,"in_reply_to_user_id_str":null,"user":{"geo_enabled":false,"time_zone":"Eastern Time (US & Canada)","description":"Raconteur.","profile_sidebar_fill_color":"dddddd","followers_count":91398,"verified":false,"notifications":false,"follow_request_sent":false,"profile_use_background_image":false,"profile_sidebar_border_color":"5d5d5d","url":"http:\/\/daringfireball.net","profile_background_image_url":"http:\/\/a3.twimg.com\/profile_background_images\/3150433\/Rumsfeld__Kissinger__Nixon_at_1974_NATO_meeting.jpg","lang":"en","created_at":"Fri Dec 01 02:52:40 +0000 2006","profile_background_color":"5D5D5D","location":"Philadelphia","listed_count":5095,"profile_background_tile":false,"friends_count":452,"protected":false,"profile_image_url":"http:\/\/a3.twimg.com\/profile_images\/546338003\/gruber-sxsw-final_normal.png","statuses_count":10488,"profile_text_color":"000000","name":"John Gruber","show_all_inline_media":false,"following":true,"favourites_count":8601,"screen_name":"gruber","id":33423,"id_str":"33423","contributors_enabled":false,"utc_offset":-18000,"profile_link_color":"2626C3"},"contributors":null,"coordinates":null,"in_reply_to_screen_name":null,"id":28561922516,"id_str":"28561922516","text":"As for the Series, I'm for the Giants. Fuck Texas, fuck Nolan Ryan, fuck George Bush."},"place":null,"retweet_count":null,"geo":null,"retweeted":false,"in_reply_to_status_id":null,"new_id":608250155669389312,"new_id_str":"608250155669389312","source":"\u003Ca href=\"http:\/\/apps.facebook.com\/the-run-around\/\" rel=\"nofollow\"\u003EThe Run Around\u003C\/a\u003E","truncated":false,"in_reply_to_status_id_str":null,"created_at":"Mon Oct 25 07:39:11 +0000 2010","in_reply_to_user_id":null,"favorited":false,"in_reply_to_user_id_str":null,"user":{"geo_enabled":true,"time_zone":"Pacific Time (US & Canada)","description":"Adventures in hunger and foolishness.","profile_sidebar_fill_color":"DDEEF6","followers_count":898,"verified":false,"notifications":false,"follow_request_sent":false,"profile_use_background_image":true,"profile_sidebar_border_color":"C0DEED","url":null,"profile_background_image_url":"http:\/\/a3.twimg.com\/profile_background_images\/162641967\/we_concept_bg2.png","lang":"en","created_at":"Mon Jul 16 12:59:01 +0000 2007","profile_background_color":"000000","location":"San Francisco","listed_count":28,"profile_background_tile":false,"friends_count":88,"protected":false,"profile_image_url":"http:\/\/a0.twimg.com\/profile_images\/323331048\/me_normal.jpg","statuses_count":2968,"profile_text_color":"333333","name":"Erik Michaels-Ober","show_all_inline_media":true,"following":false,"favourites_count":727,"screen_name":"sferik","id":7505382,"id_str":"7505382","contributors_enabled":false,"utc_offset":-28800,"profile_link_color":"0084B4"},"contributors":null,"coordinates":null,"in_reply_to_screen_name":null,"id":28669546014,"id_str":"28669546014","text":"RT @gruber: As for the Series, I'm for the Giants. Fuck Texas, fuck Nolan Ryan, fuck George Bush."}