{"created_at":"Fri Dec 05 15:55:44 +0000 2014","id":540897316908331009,"id_str":"540897316908331009","text":"Powerful cartoon by @BillBramhall: http:\/\/t.co\/IOEbc5QoES","source":"\u003ca href=\"http:\/\/itunes.apple.com\/us\/app\/twitter\/id409789998?mt=12\" rel=\"nofollow\"\u003eTwitter for Mac\u003c\/a\u003e","truncated":false,"in_reply_to_status_id":null,"in_reply_to_status_id_str":null,"in_reply_to_user_id":null,"in_reply_to_user_id_str":null,"in_reply_to_screen_name":null,"user":{"id":7505382,"id_str":"7505382","name":"Erik Michaels-Ober","screen_name":"sferik","location":"Berlin","profile_location":null,"description":"Apostrophysicist","url":"https:\/\/t.co\/RKgIMeuXMc","entities":{"url":{"urls":[{"url":"https:\/\/t.co\/RKgIMeuXMc","expanded_url":"https:\/\/github.com\/sferik","display_url":"github.com\/sferik","indices":[0,23]}]},"description":{"urls":[]}},"protected":false,"followers_count":5332,"friends_count":627,"listed_count":296,"created_at":"Mon Jul 16 12:59:01 +0000 2007","favourites_count":11883,"utc_offset":3600,"time_zone":"Amsterdam","geo_enabled":true,"verified":false,"statuses_count":15891,"lang":"en","contributors_enabled":false,"is_translator":false,"is_translation_enabled":false,"profile_background_color":"000000","profile_background_image_url":"http:\/\/pbs.twimg.com\/profile_background_images\/677717672\/bb0b3653dcf0644e344823e0a2eb3382.png","profile_background_image_url_https":"https:\/\/pbs.twimg.com\/profile_background_images\/677717672\/bb0b3653dcf0644e344823e0a2eb3382.png","profile_background_tile":false,"profile_image_url":"http:\/\/pbs.twimg.com\/profile_images\/535043330271219712\/sPDCl8fv_normal.jpeg","profile_image_url_https":"https:\/\/pbs.twimg.com\/profile_images\/535043330271219712\/sPDCl8fv_normal.jpeg","profile_banner_url":"https:\/\/pbs.twimg.com\/profile_banners\/7505382\/1416605188","profile_link_color":"FF5D00","profile_sidebar_border_color":"000000","profile_sidebar_fill_color":"DDEEF6","profile_text_color":"333333","profile_use_background_image":true,"default_profile":false,"default_profile_image":false,"following":false,"follow_request_sent":false,"notifications":false},"geo":null,"coordinates":null,"place":null,"contributors":null,"retweet_count":17,"favorite_count":8,"entities":{"hashtags":[],"symbols":[],"user_mentions":[{"screen_name":"BillBramhall","name":"Bill Bramhall","id":716351352,"id_str":"716351352","indices":[20,33]}],"urls":[],"media":[{"id":540897316195299328,"id_str":"540897316195299328","indices":[35,57],"media_url":"http:\/\/pbs.twimg.com\/media\/B4GnPkfIcAAgMOn.jpg","media_url_https":"https:\/\/pbs.twimg.com\/media\/B4GnPkfIcAAgMOn.jpg","url":"http:\/\/t.co\/IOEbc5QoES","display_url":"pic.twitter.com\/IOEbc5QoES","expanded_url":"http:\/\/twitter.com\/sferik\/status\/540897316908331009\/photo\/1","type":"photo","sizes":{"small":{"w":340,"h":236,"resize":"fit"},"thumb":{"w":150,"h":150,"resize":"crop"},"medium":{"w":600,"h":416,"resize":"fit"},"large":{"w":1024,"h":711,"resize":"fit"}}}]},"extended_entities":{"media":[{"id":540897316195299328,"id_str":"540897316195299328","indices":[35,57],"media_url":"http:\/\/pbs.twimg.com\/media\/B4GnPkfIcAAgMOn.jpg","media_url_https":"https:\/\/pbs.twimg.com\/media\/B4GnPkfIcAAgMOn.jpg","url":"http:\/\/t.co\/IOEbc5QoES","display_url":"pic.twitter.com\/IOEbc5QoES","expanded_url":"http:\/\/twitter.com\/sferik\/status\/540897316908331009\/photo\/1","type":"photo","sizes":{"small":{"w":340,"h":236,"resize":"fit"},"thumb":{"w":150,"h":150,"resize":"crop"},"medium":{"w":600,"h":416,"resize":"fit"},"large":{"w":1024,"h":711,"resize":"fit"}}}]},"favorited":false,"retweeted":false,"possibly_sensitive":false,"lang":"en"}