[{"size":56,"slug":"art-design","name":"Art & Design"},{"size":72,"slug":"books","name":"Books"},{"size":65,"slug":"business","name":"Business"},{"size":82,"slug":"charity","name":"Charity"},{"size":32,"slug":"deals-discounts","name":"Deals & Discounts"},{"size":125,"slug":"entertainment","name":"Entertainment"},{"size":55,"slug":"family","name":"Family"},{"size":56,"slug":"fashion","name":"Fashion"},{"size":81,"slug":"food-drink","name":"Food & Drink"},{"size":69,"slug":"funny","name":"Funny"},{"size":51,"slug":"health","name":"Health"},{"size":117,"slug":"music","name":"Music"},{"size":59,"slug":"news","name":"News"},{"size":81,"slug":"politics","name":"Politics"},{"size":53,"slug":"science","name":"Science"},{"size":114,"slug":"sports","name":"Sports"},{"size":96,"slug":"staff-picks","name":"Staff Picks"},{"size":60,"slug":"technology","name":"Technology"},{"size":56,"slug":"travel","name":"Travel"},{"size":16,"slug":"twitter","name":"Twitter"}]