[{"geo_enabled":true,"time_zone":"Pacific Time (US & Canada)","description":"Adventures in hunger and foolishness.","profile_sidebar_fill_color":"DDEEF6","followers_count":898,"verified":false,"notifications":false,"follow_request_sent":false,"profile_use_background_image":true,"profile_sidebar_border_color":"C0DEED","url":null,"profile_background_image_url":"http:\/\/a3.twimg.com\/profile_background_images\/162641967\/we_concept_bg2.png","lang":"en","created_at":"Mon Jul 16 12:59:01 +0000 2007","profile_background_color":"000000","location":"San Francisco","listed_count":29,"profile_background_tile":false,"friends_count":88,"protected":false,"profile_image_url":"http:\/\/a0.twimg.com\/profile_images\/323331048\/me_normal.jpg","statuses_count":2962,"profile_text_color":"333333","name":"Erik Michaels-Ober","show_all_inline_media":true,"following":true,"favourites_count":727,"screen_name":"sferik","id":7505382,"id_str":"7505382","contributors_enabled":false,"utc_offset":-28800,"profile_link_color":"0084B4"}]