[{"place":null,"geo":null,"truncated":false,"favorited":false,"source":"<a href=\"http://www.echofon.com/\" rel=\"nofollow\">Echofon</a>","contributors":null,"in_reply_to_screen_name":"chriskottom","created_at":"Fri Oct 22 15:50:35 +0000 2010","user":{"description":"Adventures in hunger and foolishness.","profile_use_background_image":true,"profile_sidebar_border_color":"C0DEED","listed_count":29,"notifications":false,"friends_count":88,"statuses_count":2961,"profile_background_image_url":"http://a3.twimg.com/profile_background_images/162641967/we_concept_bg2.png","show_all_inline_media":true,"favourites_count":724,"profile_background_color":"000000","url":null,"contributors_enabled":false,"profile_background_tile":false,"lang":"en","geo_enabled":true,"created_at":"Mon Jul 16 12:59:01 +0000 2007","profile_text_color":"333333","location":"San Francisco","protected":false,"profile_image_url":"http://a0.twimg.com/profile_images/323331048/me_normal.jpg","verified":false,"profile_link_color":"0084B4","followers_count":899,"name":"Erik Michaels-Ober","follow_request_sent":false,"following":true,"time_zone":"Pacific Time (US & Canada)","screen_name":"sferik","id":7505382,"utc_offset":-28800,"profile_sidebar_fill_color":"DDEEF6"},"retweet_count":null,"coordinates":null,"in_reply_to_status_id":28416708070,"id":28416898759,"retweeted":false,"in_reply_to_user_id":14565733,"text":"@chriskottom Thanks for the heads up. Doing some major refactoring. I'll fix it as soon as that's done. /cc @jnunemaker @pengwynn"}]