[{"geo_enabled":true,"time_zone":"Pacific Time (US & Canada)","description":"Adventures in hunger and foolishness.","profile_sidebar_fill_color":"DDEEF6","followers_count":898,"verified":false,"notifications":false,"follow_request_sent":false,"profile_use_background_image":true,"profile_sidebar_border_color":"C0DEED","url":null,"profile_background_image_url":"http:\/\/a3.twimg.com\/profile_background_images\/162641967\/we_concept_bg2.png","lang":"en","created_at":"Mon Jul 16 12:59:01 +0000 2007","profile_background_color":"000000","location":"San Francisco","listed_count":29,"profile_background_tile":false,"friends_count":88,"protected":false,"profile_image_url":"http:\/\/a0.twimg.com\/profile_images\/323331048\/me_normal.jpg","statuses_count":2962,"profile_text_color":"333333","name":"Erik Michaels-Ober","show_all_inline_media":true,"following":true,"favourites_count":727,"screen_name":"sferik","id":7505382,"id_str":"7505382","contributors_enabled":false,"utc_offset":-28800,"profile_link_color":"0084B4"},{"geo_enabled":true,"time_zone":"Central Time (US & Canada)","description":"Christian husband and father. Dev Experience @ HP Cloud Services. Co-host of the @changelogshow. Mashup of design & development.","profile_sidebar_fill_color":"dddddd","followers_count":2767,"status":{"place":null,"retweet_count":null,"geo":null,"retweeted":false,"in_reply_to_status_id":28008649044,"source":"\u003Ca href=\"http:\/\/twitter.com\" rel=\"nofollow\"\u003ETweetie for Mac\u003C\/a\u003E","truncated":false,"in_reply_to_status_id_str":"28008649044","created_at":"Thu Oct 21 10:33:15 +0000 2010","in_reply_to_user_id":11502142,"favorited":false,"in_reply_to_user_id_str":"11502142","contributors":null,"coordinates":null,"in_reply_to_screen_name":"benfawkes","id":28014236998,"id_str":"28014236998","text":"@benfawkes Surely. Just email wynn at the changelog dot com."},"verified":false,"notifications":false,"follow_request_sent":false,"profile_use_background_image":true,"profile_sidebar_border_color":"cccccc","url":"http:\/\/wynnnetherland.com","profile_background_image_url":"http:\/\/a1.twimg.com\/profile_background_images\/61741268\/twitter-small.png","lang":"en","created_at":"Sat Mar 08 16:34:22 +0000 2008","profile_background_color":"efefef","location":"Dallas, TX","listed_count":185,"profile_background_tile":false,"friends_count":1871,"protected":false,"profile_image_url":"http:\/\/a2.twimg.com\/profile_images\/485575482\/komikazee_normal.png","statuses_count":3913,"profile_text_color":"666666","name":"Wynn Netherland","show_all_inline_media":false,"following":true,"favourites_count":32,"screen_name":"pengwynn","id":14100886,"id_str":"14100886","contributors_enabled":false,"utc_offset":-21600,"profile_link_color":"35abe9"}]